{
    "recall_mean": 0.803998482138017,
    "recall_std": 0.02364156356704961,
    "precision_mean": 0.363960447110133,
    "precision_std": 0.011906097384858547,
    "f1_mean": 0.5009291830578299,
    "f1_std": 0.013335804790550354,
    "roc_auc_mean": 0.9271169698962399,
    "roc_auc_std": 0.006613855721215406
}